joint_rank	quality_rank	model_key	family	global_quality_score	quality_score_std	mean_dataset_rank	dataset_count	global_best_layer_index	global_best_layer	global_layer_quality	layer_dataset_count	dataset_wins	coverage_frac	headline_eligible	global_alignment_score	global_best_layer_alignment	joint_score
1	4	clip_vit_l14	CLIP	0.9607250663624677	0.043872249920402076	8.5	4	19	hidden_state_019	0.8925904137760339	4	0	1.0	True	0.9702125502930826	hidden_state_006	0.9654688083277752
2	2	clip_vit_l14_336	CLIP	0.9680160869592831	0.04295237143561191	6.5	4	20	hidden_state_020	0.9116025150822026	4	0	1.0	True	0.960994353943956	hidden_state_006	0.9645052204516196
3	5	dinov2_large	DINOv2	0.9464842442209234	0.014176533421860277	8.75	4	15	hidden_state_015	0.8669651792406179	4	0	1.0	True	0.9771330651951697	hidden_state_010	0.9618086547080466
4	1	internvit_6b_v25	InternViT	0.988212493318015	0.012950901390033161	3.25	4	43	hidden_state_043	0.8424693611349119	4	2	1.0	True	0.9319147324858218	hidden_state_023	0.9600636129019184
5	6	dinov2_base	DINOv2	0.9461080363789107	0.01878208292842987	8.0	4	3	hidden_state_003	0.9005307361644946	4	0	1.0	True	0.9547557543359175	hidden_state_004	0.9504318953574141
6	7	dinov2_giant	DINOv2	0.9312217837907338	0.02324011986889627	10.5	4	21	hidden_state_021	0.8645760779827094	4	0	1.0	True	0.9584322777469616	hidden_state_015	0.9448270307688478
7	3	internvit_300m_v25	InternViT	0.9615058625381219	0.04454962243963859	6.0	4	5	hidden_state_005	0.8485233072571072	4	0	1.0	True	0.9273679103429537	hidden_state_009	0.9444368864405378
8	10	siglip_so400m	SigLIP	0.9181444113858542	0.08095936323881814	15.5	4	10	hidden_state_010	0.8804505039895953	4	1	1.0	True	0.9539278180119327	hidden_state_007	0.9360361146988935
9	12	clip_vit_b16	CLIP	0.8922910203794173	0.06842738164654094	19.0	4	9	hidden_state_009	0.7068607516668104	4	0	1.0	True	0.9527315263575193	hidden_state_004	0.9225112733684684
10	9	dinov2_small	DINOv2	0.9187538555735085	0.03834190419820896	14.25	4	3	hidden_state_003	0.869573633617381	4	0	1.0	True	0.9183877401372332	hidden_state_005	0.9185707978553709
11	11	siglip_large	SigLIP	0.8960619426708806	0.037205302557706446	16.75	4	11	hidden_state_011	0.7731388923061815	4	0	1.0	True	0.9255523011481441	hidden_state_008	0.9108071219095124
12	8	internvit_300m	InternViT	0.9197252034530549	0.050732039300459324	12.0	4	5	hidden_state_005	0.8221015068031114	4	0	1.0	True	0.8968154360033036	hidden_state_009	0.9082703197281792
13	13	clip_vit_b32	CLIP	0.8826551468533447	0.0871952352436138	20.5	4	5	hidden_state_005	0.684242131510215	4	0	1.0	True	0.9305039997789806	hidden_state_004	0.9065795733161626
14	15	vit_tiny	ViT	0.8689541460154974	0.061231393562443656	17.5	4	5	block_005	0.7885229288965682	4	0	1.0	True	0.9373001050255727	block_003	0.9031271255205351
15	14	vit_small	ViT	0.8781609165648097	0.044683505625305764	19.5	4	2	block_002	0.7251209915278637	4	0	1.0	True	0.9214877690676531	block_003	0.8998243428162314
16	17	vit_mae_large	MAE	0.8465308711236075	0.06988595793101914	18.75	4	4	hidden_state_004	0.773152838675447	4	0	1.0	True	0.9456426975345483	hidden_state_008	0.8960867843290778
17	19	vit_mae_huge	MAE	0.8210794724436281	0.10457337813906588	19.75	4	9	hidden_state_009	0.7497610244397676	4	1	1.0	True	0.9216213994214909	hidden_state_007	0.8713504359325595
18	23	vit_huge	ViT	0.7803806621286237	0.11609568609364415	26.75	4	10	hidden_state_010	0.7166138695226987	4	0	1.0	True	0.8863557683748862	hidden_state_010	0.833368215251755
19	18	siglip_base	SigLIP	0.8397616370291102	0.07464572363429664	20.5	4	1	hidden_state_001	0.6958498104328427	4	0	1.0	True	0.8027908310570163	hidden_state_002	0.8212762340430633
20	21	fastvit_sa24	FastViT	0.804706300836747	0.08936914588897547	27.5	4	2	feature_map_002	0.6492893155847792	4	0	1.0	True	0.8328775870160159	feature_map_002	0.8187919439263814
21	20	fastvit_ma36	FastViT	0.8119470691897798	0.09361375032630463	25.5	4	1	feature_map_001	0.5949648171053137	4	0	1.0	True	0.8100625764660968	feature_map_001	0.8110048228279383
22	25	dino_vitb8	DINO	0.7733084253371145	0.11263886776647015	27.75	4	4	hidden_state_004	0.6642598832591864	4	0	1.0	True	0.8473669957104699	hidden_state_006	0.8103377105237922
23	36	vit_mae_base	MAE	0.709068055322863	0.099266180582969	38.0	4	3	hidden_state_003	0.6322975473631643	4	0	1.0	True	0.8773580254682725	hidden_state_003	0.7932130403955677
24	16	dinov3_vith16plus	DINOv3	0.8514422600722272	0.1135496780691137	18.0	4	22	block_022	0.6035377839148883	4	0	1.0	True	0.7281088536980223	block_010	0.7897755568851248
25	22	ijepa_vith14	I-JEPA	0.7808877701082342	0.10619483997795612	26.5	4	22	hidden_state_022	0.5229775127369153	4	0	1.0	True	0.79436146769442	hidden_state_021	0.7876246189013271
26	35	vgg19_bn	VGG	0.709464279138633	0.046534616657482444	40.25	4	1	feature_map_001	0.5433831179109258	4	0	1.0	True	0.8204029960348967	feature_map_002	0.7649336375867648
27	27	dino_vits8	DINO	0.7575899280694539	0.11575996271401409	31.0	4	5	hidden_state_005	0.7191504815319398	4	0	1.0	True	0.7599262569957455	hidden_state_005	0.7587580925325996
28	31	dino_vits16	DINO	0.7413100260235013	0.14019605584008102	31.25	4	6	hidden_state_006	0.660912843615391	4	0	1.0	True	0.7676991635166854	hidden_state_005	0.7545045947700934
29	39	vit_base	ViT	0.6807466386396445	0.11526586146292842	42.75	4	3	hidden_state_003	0.5806454769856922	4	0	1.0	True	0.8201746308848337	hidden_state_003	0.7504606347622391
30	40	vit_large	ViT	0.6789254440991954	0.1338431883842047	41.75	4	3	hidden_state_003	0.5164897052039435	4	0	1.0	True	0.8215985005250801	hidden_state_006	0.7502619723121378
31	24	dinov3_vitl16	DINOv3	0.7795761087478085	0.08226818337706172	28.5	4	2	block_002	0.6018514915161943	4	0	1.0	True	0.6919442846233319	block_009	0.7357601966855702
32	41	resnext101_32x8d	ResNeXt	0.6784075239442282	0.10182483804054387	44.0	4	2	feature_map_002	0.5047493692421117	4	0	1.0	True	0.7912454634107399	feature_map_002	0.734826493677484
33	74	dinov3_vit7b16	DINOv3	0.828860164134725	0.07284349677987613	23.0	3	0	block_000	0.6603734948075507	3	0	0.75	False	0.6229096304121825	block_009	0.7258848972734537
34	26	fastvithd_15b	FastViTHD	0.7603317737644121	0.19354142746422204	30.25	4	34	block_034	0.6240821584275142	4	0	1.0	True	0.6903874167289203	block_005	0.7253595952466663
35	29	fastvithd_05b	FastViTHD	0.7514475110441183	0.1982661837822432	32.0	4	34	block_034	0.6152808358407418	4	0	1.0	True	0.6882955300124706	block_008	0.7198715205282944
36	38	dino_vitb16	DINO	0.6861801227876322	0.15920357735351176	38.25	4	5	hidden_state_005	0.587807766509292	4	0	1.0	True	0.7421806970217997	hidden_state_005	0.714180409904716
37	30	dinov3_vitb16	DINOv3	0.7425796543320278	0.040417122397732146	35.0	4	0	block_000	0.6550292187642388	4	0	1.0	True	0.684541834485451	block_003	0.7135607444087394
38	42	vgg16_bn	VGG	0.6749627009262278	0.048301445929840064	44.25	4	1	feature_map_001	0.5217637989889437	4	0	1.0	True	0.7490841339398362	feature_map_001	0.712023417433032
39	45	resnet18	ResNet	0.6674871779019955	0.07469489218124446	44.25	4	0	hidden_state_000	0.5481126241751583	4	0	1.0	True	0.7542916764153076	hidden_state_001	0.7108894271586516
40	28	swinv2_large	SwinV2	0.752240863298883	0.13648053349963288	33.0	4	3	hidden_state_003	0.5292546977981699	4	0	1.0	True	0.6536752368474545	hidden_state_003	0.7029580500731687
41	33	fastvithd_7b	FastViTHD	0.7253048261285657	0.18901161892423002	36.75	4	34	block_034	0.6163218662882589	4	0	1.0	True	0.6659027497618109	block_018	0.6956037879451883
42	34	dinov3_vits16plus	DINOv3	0.7145862707916522	0.08471431640270394	38.0	4	0	block_000	0.6059814903026393	4	0	1.0	True	0.6666440108568741	block_000	0.6906151408242631
43	46	resnet34	ResNet	0.6573220664871517	0.07596174730844513	46.75	4	0	hidden_state_000	0.535262365654922	4	0	1.0	True	0.7120034801123841	hidden_state_001	0.6846627732997679
44	32	swin_base	Swin	0.7411362012111269	0.1290718494255538	34.25	4	3	hidden_state_003	0.5367366929204674	4	0	1.0	True	0.6233588471430368	hidden_state_003	0.6822475241770818
45	37	dinov3_vits16	DINOv3	0.6979413100435847	0.057636370296958776	41.5	4	0	block_000	0.642096953007941	4	0	1.0	True	0.630360517119235	block_002	0.6641509135814099
46	52	resnet152	ResNet	0.6175821734031925	0.05838776835303087	52.75	4	2	hidden_state_002	0.42839334390145817	4	0	1.0	True	0.698124696554588	hidden_state_002	0.6578534349788903
47	66	resnext50_32x4d	ResNeXt	0.568533420295753	0.08396278046119952	54.75	4	1	feature_map_001	0.49701845953857254	4	0	1.0	True	0.740972788449869	feature_map_002	0.654753104372811
48	49	vgg16	VGG	0.6294741373715772	0.06878063723829626	50.0	4	1	feature_map_001	0.5352857339623498	4	0	1.0	True	0.6770232973927457	feature_map_001	0.6532487173821615
49	48	fastvit_sa12	FastViT	0.6389761016991464	0.12867098086188947	49.0	4	2	feature_map_002	0.5663473528111047	4	0	1.0	True	0.6668962046010287	feature_map_001	0.6529361531500876
50	53	vgg13	VGG	0.6120250506109153	0.04635797794473883	51.75	4	1	feature_map_001	0.4976014658161657	4	0	1.0	True	0.6900214936388671	feature_map_001	0.6510232721248912
51	65	resnet50	ResNet	0.574091197496566	0.09861295079910637	52.75	4	1	hidden_state_001	0.5063149710070883	4	0	1.0	True	0.7274275338553031	hidden_state_002	0.6507593656759345
52	68	vgg11_bn	VGG	0.5606506582738743	0.1036745545234888	59.75	4	0	feature_map_000	0.4813149397791304	4	0	1.0	True	0.7362762419119391	feature_map_002	0.6484634500929067
53	56	vgg13_bn	VGG	0.6078353406743641	0.1284379787996204	52.75	4	0	feature_map_000	0.42744057044918454	4	0	1.0	True	0.6845448477551418	feature_map_001	0.6461900942147529
54	57	convnext_small	ConvNeXt	0.6034691678726468	0.09132219765029911	54.75	4	1	hidden_state_001	0.45152613808990183	4	0	1.0	True	0.685514613402179	hidden_state_001	0.6444918906374129
55	64	resnet101	ResNet	0.5807023539884666	0.11546408189031251	52.0	4	1	hidden_state_001	0.46214739939861366	4	0	1.0	True	0.7079033738696374	hidden_state_002	0.644302863929052
56	55	convnext_base	ConvNeXt	0.6110923517805613	0.1341827460774468	52.25	4	1	hidden_state_001	0.4042536226431759	4	0	1.0	True	0.6682687643255485	hidden_state_001	0.6396805580530549
57	51	vgg19	VGG	0.6184331993601462	0.10094048578413593	52.0	4	1	feature_map_001	0.49617021717002985	4	0	1.0	True	0.6573662007586862	feature_map_001	0.6378997000594162
58	50	fastvit_t12	FastViT	0.6254250432471592	0.04648406589873903	51.75	4	0	feature_map_000	0.45798980409131995	4	0	1.0	True	0.6251195334014559	feature_map_000	0.6252722883243076
59	43	swin_large	Swin	0.6716191670278722	0.08549154164367236	45.75	4	3	hidden_state_003	0.47377366336518517	4	0	1.0	True	0.5772779704113374	hidden_state_001	0.6244485687196049
60	58	fastvit_s12	FastViT	0.597955520726406	0.09530531359379985	52.75	4	1	feature_map_001	0.5364019869515361	4	0	1.0	True	0.6379260878839982	feature_map_001	0.6179408043052022
61	60	swinv2_tiny	SwinV2	0.5936245070017655	0.17595546223941655	53.0	4	1	hidden_state_001	0.468083065458618	4	0	1.0	True	0.6118789375501802	hidden_state_002	0.6027517222759728
62	44	swin_small	Swin	0.6694663155573813	0.10052903474663415	44.75	4	3	hidden_state_003	0.47241303720858896	4	0	1.0	True	0.5293062783186687	hidden_state_002	0.599386296938025
63	54	swin_tiny	Swin	0.6114966883604406	0.1411390359869883	52.5	4	3	hidden_state_003	0.45285837226721537	4	0	1.0	True	0.5866600737078008	hidden_state_002	0.5990783810341207
64	47	swinv2_small	SwinV2	0.6549848051493847	0.14740455440379227	45.0	4	1	hidden_state_001	0.45577440140180464	4	0	1.0	True	0.5317057893125388	hidden_state_002	0.5933452972309617
65	62	vgg11	VGG	0.5845621484349824	0.08922324948462523	57.25	4	1	feature_map_001	0.5104187982402068	4	0	1.0	True	0.5798554801294498	feature_map_002	0.5822088142822162
66	63	swinv2_base	SwinV2	0.5820130890233047	0.18980255706136073	53.75	4	1	hidden_state_001	0.4445651426648799	4	0	1.0	True	0.565168986138672	hidden_state_002	0.5735910375809883
67	61	fastvit_sa36	FastViT	0.5868364824437462	0.11474355534699937	54.75	4	0	feature_map_000	0.49743293416353584	4	0	1.0	True	0.5561192569131765	feature_map_000	0.5714778696784614
68	59	convnext_tiny	ConvNeXt	0.5970779466338378	0.19893077945377724	50.5	4	2	hidden_state_002	0.4093866277559702	4	0	1.0	True	0.5450453735379052	hidden_state_001	0.5710616600858716
69	67	convnext_large	ConvNeXt	0.5656904674672292	0.15784684208687505	56.0	4	2	hidden_state_002	0.39278984983212106	4	0	1.0	True	0.4897342176506076	hidden_state_002	0.5277123425589184
70	69	fastvit_t8	FastViT	0.4766141356070668	0.10224461121470202	67.75	4	1	feature_map_001	0.42347681590274827	4	0	1.0	True	0.5342450869866572	feature_map_001	0.5054296112968619
71	70	siglip2_large	SigLIP2	0.39548966951090253	0.17421623779791848	64.25	4	1	pooler_output	0.3432647158934898	4	0	1.0	True	0.17522166954437743	pooler_output	0.28535566952763997
72	71	siglip2_so400m	SigLIP2	0.31048945165991493	0.18436807416053583	66.75	4	1	pooler_output	0.31048945165991493	4	0	1.0	True	0.17385345673538943	pooler_output	0.24217145419765218
73	72	siglip2_base	SigLIP2	0.3008099615866385	0.21743298379467463	71.0	4	1	pooler_output	0.22712627667243557	4	0	1.0	True	0.08366982771188629	pooler_output	0.1922398946492624
74	73	siglip2_base_naflex	SigLIP2	0.2944286140575924	0.1600241118757472	69.5	4	1	pooler_output	0.2944286140575924	4	0	1.0	True	0.08720668853375868	pooler_output	0.19081765129567554
75	75	siglip2_so400m_naflex	SigLIP2	0.2098312541102875	0.13051699750771875	73.0	3	1	pooler_output	0.18711011514960074	3	0	0.75	False	0.1141833569225162	pooler_output	0.16200730551640186
